id,text,label_1_M,label_2_F,label_3_M,label_4_M,label_5_F,label_6_M,label_7_F,label_8_M,label_9_F,label_10_F,label_11_M,label_12_M,label_13_F,label_14_M,label_15_M,label_16_F,label_17_M,label_18_F,label_19_F,label_20_F
172,[USER] [USER] you're reading you coon,Hateful,Hateful,Hateful,Hateful,Non-hateful,Hateful,Non-hateful,Hateful,Hateful,Hateful,Hateful,Hateful,Hateful,Hateful,Hateful,Hateful,Hateful,Hateful,Non-hateful,Non-hateful
106,[USER] Yes you do retard.,Hateful,Hateful,Hateful,Hateful,Hateful,Hateful,Non-hateful,Hateful,Hateful,Hateful,Hateful,Hateful,Hateful,Hateful,Hateful,Hateful,Hateful,Hateful,Hateful,Non-hateful
94,[USER] [USER] [USER] [USER] omg no plz stop calling me an idiot... are we in kindergarden you fucking faggot,Hateful,Hateful,Hateful,Hateful,Non-hateful,Hateful,Hateful,Hateful,Hateful,Hateful,Hateful,Hateful,Hateful,Hateful,Hateful,Hateful,Hateful,Hateful,Hateful,Hateful
60,I just wanna slit this mf throat,Hateful,Hateful,Hateful,Hateful,Non-hateful,Hateful,Non-hateful,Hateful,Hateful,Hateful,Hateful,Hateful,Hateful,Hateful,Hateful,Hateful,Hateful,Hateful,Hateful,Non-hateful
97,Lol my brother a fag Mann,Hateful,Hateful,Hateful,Hateful,Non-hateful,Non-hateful,Non-hateful,Hateful,Hateful,Hateful,Hateful,Non-hateful,Hateful,Hateful,Non-hateful,Hateful,Hateful,Hateful,Non-hateful,Non-hateful
191,[USER] [USER] send them damn beaners back where they belong n the US aint it,Hateful,Hateful,Non-hateful,Hateful,Hateful,Hateful,Hateful,Hateful,Hateful,Hateful,Non-hateful,Hateful,Hateful,Non-hateful,Hateful,Hateful,Non-hateful,Hateful,Hateful,Hateful
33,[USER] ur not sassy white trash change ur username,Hateful,Hateful,Hateful,Non-hateful,Non-hateful,Non-hateful,Non-hateful,Hateful,Hateful,Non-hateful,Non-hateful,Hateful,Hateful,Non-hateful,Hateful,Hateful,Hateful,Non-hateful,Hateful,Non-hateful
146,[USER] and the plastic surgery of a tranny.,Hateful,Non-hateful,Hateful,Hateful,Non-hateful,Hateful,Non-hateful,Hateful,Hateful,Hateful,Hateful,Hateful,Hateful,Non-hateful,Hateful,Hateful,Hateful,Hateful,Hateful,Non-hateful
15,Happppppy Birthdayyyy lol. Niggahs is really 21 in this bitch. [URL],Hateful,Non-hateful,Non-hateful,Non-hateful,Hateful,Hateful,Hateful,Non-hateful,Hateful,Non-hateful,Non-hateful,Hateful,Hateful,Non-hateful,Hateful,Hateful,Non-hateful,Non-hateful,Hateful,Non-hateful
36,"[USER] hell yea,I'm surrounded by hillbillys an real ass rednecks",Hateful,Hateful,Non-hateful,Non-hateful,Non-hateful,Non-hateful,Hateful,Non-hateful,Non-hateful,Hateful,Non-hateful,Hateful,Hateful,Non-hateful,Hateful,Hateful,Hateful,Non-hateful,Hateful,Hateful
156,[USER] [USER] [USER] [USER] shut up nigger,Hateful,Hateful,Hateful,Hateful,Hateful,Hateful,Hateful,Hateful,Hateful,Hateful,Hateful,Hateful,Hateful,Hateful,Hateful,Hateful,Hateful,Hateful,Hateful,Hateful
23,[USER]: Been my main nigguh since digital camera selfies [USER] [URL],Non-hateful,Non-hateful,Non-hateful,Non-hateful,Non-hateful,Non-hateful,Non-hateful,Non-hateful,Hateful,Non-hateful,Non-hateful,Non-hateful,Non-hateful,Non-hateful,Non-hateful,Non-hateful,Hateful,Non-hateful,Non-hateful,Non-hateful
150,Still confused why King ordered two tranny hookers to the party last night..,Hateful,Non-hateful,Hateful,Hateful,Hateful,Hateful,Non-hateful,Hateful,Non-hateful,Hateful,Non-hateful,Non-hateful,Hateful,Non-hateful,Non-hateful,Hateful,Non-hateful,Non-hateful,Hateful,Non-hateful
76,"[USER]: Life's a bitch, but that's the only love I know",Non-hateful,Non-hateful,Non-hateful,Non-hateful,Hateful,Non-hateful,Non-hateful,Non-hateful,Non-hateful,Non-hateful,Non-hateful,Non-hateful,Non-hateful,Non-hateful,Non-hateful,Non-hateful,Non-hateful,Non-hateful,Non-hateful,Hateful
71,[USER] shut up bitch for I spit on you,Hateful,Hateful,Hateful,Hateful,Hateful,Hateful,Hateful,Hateful,Hateful,Hateful,Hateful,Hateful,Hateful,Hateful,Hateful,Hateful,Hateful,Hateful,Hateful,Hateful
139,Stop whacking off in the shower queer boy! [USER],Hateful,Non-hateful,Hateful,Hateful,Non-hateful,Hateful,Non-hateful,Hateful,Hateful,Hateful,Hateful,Hateful,Hateful,Hateful,Non-hateful,Hateful,Hateful,Hateful,Hateful,Non-hateful
81,"When did gum get so soft, you sons of bitches.",Hateful,Hateful,Non-hateful,Hateful,Non-hateful,Non-hateful,Non-hateful,Non-hateful,Non-hateful,Non-hateful,Non-hateful,Hateful,Hateful,Non-hateful,Non-hateful,Hateful,Non-hateful,Non-hateful,Hateful,Hateful
29,[USER] the favorite drink of white trash everywhere....,Hateful,Hateful,Non-hateful,Hateful,Non-hateful,Hateful,Hateful,Hateful,Non-hateful,Hateful,Non-hateful,Hateful,Hateful,Hateful,Hateful,Hateful,Hateful,Hateful,Non-hateful,Non-hateful
101,[USER] üòÇüòÇAlright fag what about this? [URL],Hateful,Hateful,Hateful,Hateful,Hateful,Hateful,Non-hateful,Hateful,Hateful,Hateful,Non-hateful,Hateful,Hateful,Hateful,Hateful,Hateful,Non-hateful,Hateful,Hateful,Non-hateful
21,[USER]: [USER] YESSS it's that one! Ooze! This nigguh! üòÇüòÇ [URL],Hateful,Non-hateful,Non-hateful,Non-hateful,Non-hateful,Non-hateful,Non-hateful,Non-hateful,Hateful,Non-hateful,Non-hateful,Non-hateful,Non-hateful,Non-hateful,Non-hateful,Non-hateful,Hateful,Non-hateful,Hateful,Non-hateful
173,[USER] u really got these coons out here dreaming,Hateful,Non-hateful,Hateful,Hateful,Non-hateful,Hateful,Non-hateful,Hateful,Hateful,Hateful,Hateful,Non-hateful,Hateful,Hateful,Hateful,Non-hateful,Hateful,Hateful,Non-hateful,Non-hateful
132,"[USER]: ""[USER]: hey dicklicker! it says im happily divorced not bitter! homophobic? im not scared of queers..i hate em! fudg‚Ä¶",Hateful,Hateful,Hateful,Hateful,Hateful,Hateful,Hateful,Hateful,Hateful,Hateful,Hateful,Hateful,Hateful,Hateful,Hateful,Hateful,Hateful,Hateful,Hateful,Hateful
168,[USER] what's this chinks email? I'm moving to China and slicing his throat,Hateful,Hateful,Hateful,Hateful,Non-hateful,Hateful,Hateful,Hateful,Hateful,Hateful,Hateful,Hateful,Hateful,Hateful,Hateful,Hateful,Hateful,Hateful,Hateful,Non-hateful
197,LMFAO  [USER]: ‚Äúshut up u slutty white hoe  [USER]: Didn‚Äôt know the Pats got DESTROYED tonight LMFAOOOO‚Äù,Hateful,Hateful,Hateful,Hateful,Non-hateful,Hateful,Hateful,Hateful,Hateful,Hateful,Hateful,Hateful,Hateful,Hateful,Hateful,Hateful,Hateful,Hateful,Non-hateful,Hateful
53,"[USER] [USER]  Who is da ""we"" whitey?",Non-hateful,Non-hateful,Hateful,Hateful,Hateful,Non-hateful,Hateful,Non-hateful,Hateful,Hateful,Non-hateful,Hateful,Hateful,Non-hateful,Non-hateful,Non-hateful,Hateful,Non-hateful,Non-hateful,Non-hateful
43,"[USER] fuck Brett Farve redneck ass, he stuckup he don't give a damn lol he be on campus acting like he the shit",Hateful,Hateful,Non-hateful,Hateful,Non-hateful,Non-hateful,Hateful,Non-hateful,Hateful,Non-hateful,Non-hateful,Hateful,Hateful,Hateful,Non-hateful,Hateful,Hateful,Non-hateful,Hateful,Hateful
70,[USER] you look like fucking shrek bitch,Hateful,Hateful,Non-hateful,Hateful,Hateful,Hateful,Hateful,Non-hateful,Hateful,Hateful,Non-hateful,Hateful,Hateful,Hateful,Hateful,Hateful,Hateful,Hateful,Hateful,Hateful
182,You drink light beer? Hahahahahahahahahahaha what a pussy!,Hateful,Hateful,Non-hateful,Hateful,Non-hateful,Non-hateful,Hateful,Non-hateful,Non-hateful,Hateful,Non-hateful,Hateful,Hateful,Non-hateful,Non-hateful,Non-hateful,Hateful,Non-hateful,Non-hateful,Hateful
83,[USER] [USER] [USER] [USER] [USER] [USER] ape? Fuck u broke ass racist,Hateful,Hateful,Non-hateful,Hateful,Non-hateful,Non-hateful,Hateful,Non-hateful,Non-hateful,Non-hateful,Non-hateful,Hateful,Hateful,Hateful,Non-hateful,Hateful,Hateful,Hateful,Hateful,Hateful
124,Nigga a dyke  [USER]: ..  [USER]: Melo garbage ass just now hitting 20k,Hateful,Non-hateful,Hateful,Hateful,Hateful,Hateful,Non-hateful,Non-hateful,Non-hateful,Hateful,Non-hateful,Hateful,Hateful,Hateful,Non-hateful,Hateful,Hateful,Hateful,Non-hateful,Hateful
40,redneck in the White House // Moccasin Creek üëçüëå,Non-hateful,Non-hateful,Hateful,Non-hateful,Non-hateful,Non-hateful,Non-hateful,Non-hateful,Hateful,Hateful,Non-hateful,Hateful,Hateful,Hateful,Non-hateful,Hateful,Hateful,Hateful,Non-hateful,Non-hateful
167,The chinks really hunting their food...  [USER]: Dog shot with arrow in N.O. East- [URL],Hateful,Non-hateful,Hateful,Hateful,Hateful,Hateful,Non-hateful,Hateful,Hateful,Hateful,Hateful,Non-hateful,Hateful,Hateful,Hateful,Hateful,Hateful,Hateful,Non-hateful,Hateful
113,"[USER] [USER] [USER] They have mix, not all are retards. AAP is Maoists, terrorists,Congies and delusional Retards",Hateful,Hateful,Non-hateful,Hateful,Non-hateful,Hateful,Non-hateful,Non-hateful,Non-hateful,Hateful,Hateful,Hateful,Hateful,Hateful,Hateful,Hateful,Non-hateful,Hateful,Hateful,Non-hateful
66,[USER] stfu trash,Hateful,Hateful,Hateful,Hateful,Non-hateful,Non-hateful,Non-hateful,Hateful,Non-hateful,Non-hateful,Non-hateful,Hateful,Hateful,Hateful,Hateful,Hateful,Hateful,Hateful,Hateful,Non-hateful
114,[USER]: [USER] California's biggest retards. Don't forget about HOLY who just released an amazing EP.,Hateful,Hateful,Non-hateful,Hateful,Hateful,Hateful,Non-hateful,Non-hateful,Non-hateful,Hateful,Hateful,Hateful,Hateful,Non-hateful,Non-hateful,Hateful,Hateful,Non-hateful,Hateful,Non-hateful
35,#Iowa is full of white trash,Hateful,Hateful,Hateful,Hateful,Non-hateful,Hateful,Hateful,Hateful,Non-hateful,Hateful,Non-hateful,Hateful,Hateful,Hateful,Hateful,Hateful,Hateful,Hateful,Hateful,Hateful
158,[USER] i know im so kidding. Some of BET is funny. I love when blacks call eachother ignorant and niggers. Makes me not have to,Hateful,Hateful,Hateful,Hateful,Non-hateful,Hateful,Non-hateful,Hateful,Non-hateful,Hateful,Non-hateful,Non-hateful,Hateful,Hateful,Hateful,Non-hateful,Hateful,Hateful,Non-hateful,Non-hateful
59,‚Äú[USER]: Killin in tekken 6 üòé‚Äù lies you trash,Hateful,Non-hateful,Non-hateful,Non-hateful,Hateful,Non-hateful,Hateful,Non-hateful,Non-hateful,Non-hateful,Non-hateful,Hateful,Non-hateful,Non-hateful,Non-hateful,Non-hateful,Hateful,Non-hateful,Hateful,Hateful
6,niggas ain't playin a gram of defense man George need to tell these bitch ass niggas man up,Hateful,Non-hateful,Non-hateful,Non-hateful,Non-hateful,Hateful,Hateful,Hateful,Hateful,Hateful,Non-hateful,Hateful,Hateful,Non-hateful,Hateful,Non-hateful,Hateful,Hateful,Hateful,Hateful
195,my mom tried to get me to buy beaner boots bc they were on sale like I'm not in a mariachi band please stop.,Non-hateful,Hateful,Hateful,Hateful,Non-hateful,Non-hateful,Non-hateful,Hateful,Non-hateful,Hateful,Non-hateful,Non-hateful,Non-hateful,Non-hateful,Non-hateful,Non-hateful,Hateful,Non-hateful,Non-hateful,Hateful
115,Of course my #faith for #baseball is off this year. BECAUSE OF #BARRYBONDS you goddamn retards!!!!!!!!!!!!!!!!!!!!!!!!!!!!!!!!!!! #morons,Hateful,Hateful,Non-hateful,Hateful,Hateful,Hateful,Non-hateful,Non-hateful,Non-hateful,Hateful,Hateful,Hateful,Hateful,Hateful,Hateful,Non-hateful,Hateful,Non-hateful,Non-hateful,Hateful
121,"[USER] i got a dyke wit a child as whse mgr, and she jus hired another girlboy dis week....",Hateful,Non-hateful,Hateful,Hateful,Non-hateful,Non-hateful,Hateful,Hateful,Hateful,Hateful,Hateful,Non-hateful,Hateful,Non-hateful,Non-hateful,Hateful,Hateful,Hateful,Non-hateful,Hateful
112,"[USER]: To the retards chanting USA at the FC Dallas game, Kansas is in the USA.",Hateful,Non-hateful,Non-hateful,Hateful,Hateful,Non-hateful,Non-hateful,Non-hateful,Non-hateful,Hateful,Non-hateful,Hateful,Hateful,Non-hateful,Non-hateful,Hateful,Hateful,Non-hateful,Non-hateful,Non-hateful
8,[USER]: everybody tryna fuck the next nigga bitch not knowin that his bitch is the next nigga bitch üôäüò∂,Hateful,Non-hateful,Hateful,Non-hateful,Non-hateful,Hateful,Hateful,Hateful,Hateful,Hateful,Non-hateful,Hateful,Hateful,Non-hateful,Non-hateful,Hateful,Hateful,Hateful,Non-hateful,Hateful
10,[USER]: When lil b said ‚ÄúWord around town that I aint got no bitches? what?! Thats a damn lie nigga my nuts is my witness‚Äù [URL],Hateful,Hateful,Non-hateful,Non-hateful,Non-hateful,Non-hateful,Hateful,Non-hateful,Non-hateful,Non-hateful,Non-hateful,Non-hateful,Non-hateful,Non-hateful,Non-hateful,Non-hateful,Hateful,Non-hateful,Hateful,Hateful
189,üê¢ dirty whore. I love you. but you a hoe. but I love you. Jesus is watching.,Hateful,Non-hateful,Hateful,Non-hateful,Non-hateful,Hateful,Hateful,Hateful,Non-hateful,Non-hateful,Hateful,Hateful,Non-hateful,Hateful,Non-hateful,Non-hateful,Hateful,Non-hateful,Non-hateful,Hateful
107,"Rand went full retard some time ago ‚Äú[USER]: [USER] isn't ""playing the game""... he's just retarded.  [URL]",Hateful,Hateful,Non-hateful,Hateful,Non-hateful,Hateful,Non-hateful,Non-hateful,Non-hateful,Hateful,Hateful,Hateful,Hateful,Non-hateful,Non-hateful,Hateful,Hateful,Hateful,Hateful,Non-hateful
187,[USER] bitch shut the fuck up goddam your a slut bitch whore nigga,Hateful,Hateful,Hateful,Hateful,Hateful,Hateful,Hateful,Hateful,Hateful,Hateful,Hateful,Hateful,Hateful,Hateful,Hateful,Hateful,Hateful,Hateful,Hateful,Hateful
50,[USER] Hell na !! Hes a honky brah,Hateful,Hateful,Non-hateful,Hateful,Non-hateful,Hateful,Hateful,Hateful,Non-hateful,Hateful,Non-hateful,Non-hateful,Non-hateful,Hateful,Non-hateful,Non-hateful,Hateful,Non-hateful,Non-hateful,Hateful
162,Every spic cop in #LosAngeles is loyal to the #LatinKings,Non-hateful,Non-hateful,Hateful,Non-hateful,Non-hateful,Hateful,Non-hateful,Non-hateful,Non-hateful,Hateful,Hateful,Non-hateful,Non-hateful,Hateful,Non-hateful,Hateful,Hateful,Hateful,Non-hateful,Non-hateful
7,‚Äú[USER]: üòÇüí© [USER]: Lemme find out you niggaz letting bitches shit on yo faces‚Äù üò≠ niggas is weirdos,Hateful,Non-hateful,Non-hateful,Hateful,Hateful,Hateful,Hateful,Hateful,Hateful,Hateful,Hateful,Hateful,Hateful,Non-hateful,Hateful,Non-hateful,Hateful,Non-hateful,Hateful,Hateful
19,[USER] üòÇüòÇüòÇ dat shit crazy a nicca use to wear dat shit fr,Hateful,Non-hateful,Non-hateful,Non-hateful,Non-hateful,Non-hateful,Hateful,Non-hateful,Hateful,Non-hateful,Non-hateful,Non-hateful,Non-hateful,Non-hateful,Non-hateful,Hateful,Hateful,Non-hateful,Hateful,Hateful
49,[USER] let a honky know man lol,Hateful,Non-hateful,Hateful,Hateful,Non-hateful,Hateful,Non-hateful,Hateful,Non-hateful,Hateful,Non-hateful,Non-hateful,Non-hateful,Hateful,Non-hateful,Non-hateful,Hateful,Non-hateful,Non-hateful,Hateful
17,cant stand when a nicca pillow talk about you to a bitch,Hateful,Non-hateful,Non-hateful,Non-hateful,Non-hateful,Hateful,Hateful,Non-hateful,Non-hateful,Hateful,Non-hateful,Non-hateful,Hateful,Non-hateful,Non-hateful,Hateful,Hateful,Non-hateful,Hateful,Hateful
193,Someone shut this beaner up please.,Hateful,Hateful,Hateful,Hateful,Hateful,Hateful,Non-hateful,Hateful,Non-hateful,Hateful,Hateful,Hateful,Hateful,Hateful,Non-hateful,Non-hateful,Hateful,Non-hateful,Non-hateful,Non-hateful
186,[USER]: Well maybe you're a whore you stupid ugly homeless bitch,Hateful,Hateful,Hateful,Hateful,Non-hateful,Hateful,Hateful,Hateful,Hateful,Hateful,Hateful,Hateful,Hateful,Hateful,Hateful,Hateful,Hateful,Hateful,Hateful,Hateful
41,[USER] [USER] [USER] your low info redneck dumbasses vote for these corporate shills that idiots like you believe #dummies,Hateful,Hateful,Hateful,Hateful,Hateful,Hateful,Non-hateful,Hateful,Non-hateful,Hateful,Non-hateful,Hateful,Hateful,Hateful,Hateful,Hateful,Hateful,Non-hateful,Hateful,Hateful
136,[USER] bye youre a queer,Hateful,Non-hateful,Hateful,Hateful,Non-hateful,Hateful,Non-hateful,Hateful,Non-hateful,Hateful,Hateful,Non-hateful,Hateful,Hateful,Hateful,Hateful,Hateful,Hateful,Hateful,Non-hateful
145,This bitch looks like a tranny tho.,Hateful,Hateful,Hateful,Hateful,Non-hateful,Hateful,Hateful,Hateful,Non-hateful,Hateful,Hateful,Hateful,Hateful,Hateful,Hateful,Hateful,Hateful,Hateful,Hateful,Hateful
34,Ain't nuttin but a white trash party.,Hateful,Hateful,Hateful,Hateful,Hateful,Hateful,Hateful,Hateful,Non-hateful,Hateful,Non-hateful,Hateful,Hateful,Hateful,Non-hateful,Hateful,Hateful,Hateful,Hateful,Hateful
103,[USER]: Follow this fag [USER] it's his birthday today,Hateful,Non-hateful,Non-hateful,Hateful,Non-hateful,Non-hateful,Non-hateful,Hateful,Hateful,Non-hateful,Hateful,Hateful,Hateful,Hateful,Non-hateful,Hateful,Hateful,Hateful,Non-hateful,Non-hateful
2,"[USER]: One nigga from the past told me one thing I'd never forget ""one mans trash is another mans treasure""",Hateful,Non-hateful,Non-hateful,Non-hateful,Hateful,Hateful,Non-hateful,Non-hateful,Non-hateful,Non-hateful,Non-hateful,Non-hateful,Non-hateful,Non-hateful,Non-hateful,Non-hateful,Hateful,Non-hateful,Non-hateful,Hateful
135,ahah fucking queer [USER] kill urself,Hateful,Hateful,Hateful,Hateful,Non-hateful,Hateful,Hateful,Hateful,Hateful,Hateful,Hateful,Hateful,Hateful,Hateful,Hateful,Hateful,Hateful,Hateful,Hateful,Hateful
105,[USER] [USER] lmao dude you are probably the biggest fag in nebraska üòÇüòÇüòÇüòÇüòÇ,Hateful,Hateful,Hateful,Hateful,Non-hateful,Hateful,Non-hateful,Hateful,Non-hateful,Hateful,Hateful,Hateful,Hateful,Hateful,Hateful,Hateful,Hateful,Non-hateful,Non-hateful,Hateful
38,Cussed out by a fat redneck on the last day YOLO [USER] [USER] [USER] üòÇüòÇ,Hateful,Hateful,Hateful,Non-hateful,Non-hateful,Non-hateful,Non-hateful,Non-hateful,Non-hateful,Hateful,Non-hateful,Hateful,Hateful,Non-hateful,Non-hateful,Hateful,Hateful,Non-hateful,Non-hateful,Hateful
30,White trash have taken over every charity organization in the US.,Hateful,Hateful,Hateful,Hateful,Non-hateful,Hateful,Hateful,Hateful,Non-hateful,Hateful,Non-hateful,Hateful,Hateful,Hateful,Hateful,Hateful,Hateful,Non-hateful,Hateful,Hateful
65,[USER]: [USER] [USER] [USER] Messi is trash,Hateful,Non-hateful,Non-hateful,Hateful,Non-hateful,Non-hateful,Hateful,Non-hateful,Non-hateful,Non-hateful,Non-hateful,Hateful,Hateful,Non-hateful,Non-hateful,Non-hateful,Hateful,Non-hateful,Hateful,Hateful
128,‚Äú[USER]: Brah Wiz cheated üòÇüò≠ [URL] she had hair like a dyke..... Uh.. Duh?,Hateful,Non-hateful,Hateful,Hateful,Hateful,Hateful,Hateful,Hateful,Non-hateful,Hateful,Hateful,Non-hateful,Hateful,Hateful,Non-hateful,Hateful,Hateful,Hateful,Hateful,Hateful
154,"[USER]: one, two, three, four, how many niggers are in my store?",Hateful,Hateful,Non-hateful,Hateful,Non-hateful,Hateful,Non-hateful,Hateful,Hateful,Hateful,Hateful,Hateful,Hateful,Hateful,Hateful,Hateful,Hateful,Hateful,Hateful,Non-hateful
57,"FUCK YOU, you're a fucking a lowlife piece of trash.",Hateful,Hateful,Hateful,Hateful,Non-hateful,Hateful,Hateful,Hateful,Hateful,Hateful,Non-hateful,Hateful,Hateful,Hateful,Hateful,Hateful,Hateful,Hateful,Hateful,Hateful
149,Oh snap I'm just realizing this skinny tranny is Jared Leto. He's Wo unrecognizable with all that weight loss. Geez!!!,Hateful,Non-hateful,Hateful,Hateful,Non-hateful,Hateful,Non-hateful,Hateful,Non-hateful,Hateful,Non-hateful,Hateful,Non-hateful,Non-hateful,Non-hateful,Hateful,Hateful,Hateful,Hateful,Hateful
96,[USER] fuck you fag!,Hateful,Hateful,Hateful,Hateful,Hateful,Hateful,Hateful,Hateful,Hateful,Hateful,Hateful,Hateful,Hateful,Hateful,Hateful,Hateful,Hateful,Hateful,Hateful,Hateful
99,[USER] [USER] [USER] [USER] lmfaoooo that's some fag shit man.,Hateful,Non-hateful,Hateful,Hateful,Non-hateful,Hateful,Hateful,Hateful,Hateful,Hateful,Hateful,Hateful,Non-hateful,Non-hateful,Non-hateful,Hateful,Hateful,Non-hateful,Hateful,Hateful
80,[USER] shine bright like a bad bitch,Hateful,Non-hateful,Non-hateful,Non-hateful,Hateful,Non-hateful,Hateful,Non-hateful,Non-hateful,Non-hateful,Non-hateful,Non-hateful,Non-hateful,Non-hateful,Non-hateful,Non-hateful,Non-hateful,Non-hateful,Non-hateful,Hateful
63,[USER] that explains you cause all you do is bitch and whine.,Hateful,Non-hateful,Hateful,Hateful,Non-hateful,Non-hateful,Hateful,Non-hateful,Non-hateful,Non-hateful,Non-hateful,Non-hateful,Hateful,Non-hateful,Non-hateful,Non-hateful,Hateful,Non-hateful,Hateful,Hateful
5,You like them bitch niggas.,Hateful,Non-hateful,Hateful,Non-hateful,Hateful,Hateful,Hateful,Hateful,Hateful,Hateful,Hateful,Hateful,Non-hateful,Non-hateful,Hateful,Hateful,Hateful,Hateful,Hateful,Hateful
138,[USER]: [USER] you're a fucking queer,Hateful,Hateful,Hateful,Hateful,Hateful,Hateful,Hateful,Hateful,Hateful,Hateful,Hateful,Hateful,Hateful,Hateful,Hateful,Hateful,Hateful,Hateful,Hateful,Hateful
190,Sesh with my n-words say it like a white kid yes my Kush is betta than yours u are a whore so please kill yo self fool bitch ass,Hateful,Hateful,Hateful,Hateful,Non-hateful,Hateful,Hateful,Hateful,Hateful,Hateful,Hateful,Hateful,Hateful,Hateful,Hateful,Hateful,Hateful,Non-hateful,Hateful,Hateful
196,This girl is the nastiest skank bitch I've ever met. DO NOT TRUST HER. She is a fugly slut [URL],Hateful,Hateful,Hateful,Hateful,Non-hateful,Hateful,Non-hateful,Hateful,Hateful,Hateful,Hateful,Hateful,Hateful,Hateful,Hateful,Hateful,Hateful,Hateful,Hateful,Hateful
20,I see a real nicca when I look in the mirror,Non-hateful,Non-hateful,Non-hateful,Non-hateful,Hateful,Non-hateful,Non-hateful,Non-hateful,Non-hateful,Non-hateful,Non-hateful,Non-hateful,Non-hateful,Non-hateful,Non-hateful,Non-hateful,Hateful,Non-hateful,Non-hateful,Non-hateful
140,[USER]: [USER] you're such a queer Óêí,Hateful,Non-hateful,Hateful,Hateful,Non-hateful,Hateful,Hateful,Hateful,Non-hateful,Hateful,Hateful,Non-hateful,Hateful,Hateful,Hateful,Hateful,Hateful,Hateful,Hateful,Hateful
55,[USER] You just can't give hillbillies an audience. They'll squander it every time.,Hateful,Non-hateful,Hateful,Non-hateful,Hateful,Non-hateful,Non-hateful,Hateful,Non-hateful,Hateful,Non-hateful,Hateful,Non-hateful,Hateful,Non-hateful,Non-hateful,Hateful,Non-hateful,Non-hateful,Non-hateful
166,Thanksgiving with some #fam #Shaylay ignore the chink eyes [URL],Hateful,Non-hateful,Hateful,Hateful,Non-hateful,Hateful,Non-hateful,Hateful,Non-hateful,Hateful,Hateful,Non-hateful,Hateful,Hateful,Hateful,Non-hateful,Hateful,Hateful,Non-hateful,Hateful
155,"Kip Tokuda, yellow guy working to niggerize the Seattle PD, died. Too bad there's another POS hiding in the wings to replace him.",Hateful,Non-hateful,Hateful,Hateful,Non-hateful,Hateful,Non-hateful,Hateful,Hateful,Hateful,Hateful,Hateful,Hateful,Hateful,Hateful,Non-hateful,Hateful,Hateful,Non-hateful,Non-hateful
131,Stoni is a fuckin queer...,Hateful,Hateful,Hateful,Hateful,Hateful,Hateful,Hateful,Hateful,Hateful,Hateful,Hateful,Hateful,Hateful,Hateful,Hateful,Hateful,Hateful,Hateful,Hateful,Hateful
159,[USER]: Lebron your still a bitch you suck nigger hope you die,Hateful,Hateful,Hateful,Hateful,Non-hateful,Hateful,Hateful,Hateful,Hateful,Hateful,Hateful,Hateful,Hateful,Hateful,Hateful,Hateful,Hateful,Hateful,Hateful,Hateful
42,"Lol, so since I'm from the south I automatically sound like a fucking redneck. Hahahaha how about fuck you, stupid ass.",Hateful,Hateful,Non-hateful,Hateful,Hateful,Hateful,Hateful,Non-hateful,Non-hateful,Non-hateful,Non-hateful,Hateful,Hateful,Hateful,Non-hateful,Hateful,Hateful,Non-hateful,Hateful,Hateful
69,Im a twat,Hateful,Non-hateful,Non-hateful,Non-hateful,Non-hateful,Non-hateful,Non-hateful,Non-hateful,Non-hateful,Non-hateful,Non-hateful,Non-hateful,Non-hateful,Non-hateful,Non-hateful,Non-hateful,Non-hateful,Non-hateful,Non-hateful,Non-hateful
64,You're just trash like sorry,Hateful,Non-hateful,Hateful,Hateful,Hateful,Non-hateful,Hateful,Non-hateful,Non-hateful,Non-hateful,Non-hateful,Hateful,Hateful,Hateful,Hateful,Hateful,Hateful,Non-hateful,Hateful,Hateful
79,Bad bitch contest you in first place üíØ [URL],Hateful,Non-hateful,Non-hateful,Non-hateful,Non-hateful,Hateful,Hateful,Non-hateful,Non-hateful,Non-hateful,Non-hateful,Non-hateful,Non-hateful,Non-hateful,Non-hateful,Non-hateful,Hateful,Non-hateful,Hateful,Hateful
58,I can't tell if I want to fuck you or if I want to slit your throat,Hateful,Non-hateful,Hateful,Hateful,Non-hateful,Hateful,Hateful,Hateful,Hateful,Hateful,Hateful,Hateful,Hateful,Hateful,Hateful,Hateful,Hateful,Hateful,Hateful,Hateful
165,Sitting at the bar at work watching Walking Dead and all these fucking wetbacks decide to come in & turn on their spic music. Jesus Christ,Hateful,Non-hateful,Hateful,Hateful,Hateful,Hateful,Non-hateful,Hateful,Hateful,Hateful,Hateful,Hateful,Hateful,Hateful,Non-hateful,Hateful,Hateful,Hateful,Non-hateful,Hateful
98,[USER] [USER] my mentallity? Being a flaming fag is a serious mental issue,Hateful,Hateful,Hateful,Hateful,Non-hateful,Non-hateful,Non-hateful,Hateful,Hateful,Hateful,Non-hateful,Hateful,Hateful,Hateful,Non-hateful,Hateful,Hateful,Hateful,Non-hateful,Hateful
87,"""[USER]: Yo fuck skateboarding, all y'all some wood pushing faggots man, ball is life [URL] [USER]",Hateful,Non-hateful,Hateful,Hateful,Non-hateful,Hateful,Hateful,Hateful,Hateful,Hateful,Non-hateful,Hateful,Hateful,Hateful,Hateful,Hateful,Hateful,Hateful,Non-hateful,Hateful
47,"Good even-ink, honkies!",Hateful,Non-hateful,Non-hateful,Hateful,Non-hateful,Hateful,Hateful,Hateful,Non-hateful,Hateful,Non-hateful,Non-hateful,Non-hateful,Hateful,Non-hateful,Non-hateful,Hateful,Non-hateful,Non-hateful,Hateful
93,[USER]: [USER] it means you're a faggot lol,Hateful,Non-hateful,Hateful,Hateful,Non-hateful,Hateful,Hateful,Hateful,Non-hateful,Hateful,Hateful,Hateful,Non-hateful,Non-hateful,Non-hateful,Hateful,Non-hateful,Hateful,Hateful,Non-hateful
102,My best friend loves Justin beiber what a fag üò≠üòÇüò≠ [USER],Hateful,Non-hateful,Hateful,Hateful,Non-hateful,Hateful,Hateful,Non-hateful,Non-hateful,Hateful,Hateful,Hateful,Hateful,Non-hateful,Non-hateful,Non-hateful,Hateful,Hateful,Non-hateful,Hateful
88,Dudes a faggot Pahahaha,Hateful,Non-hateful,Hateful,Hateful,Non-hateful,Hateful,Hateful,Hateful,Non-hateful,Hateful,Hateful,Hateful,Hateful,Hateful,Non-hateful,Hateful,Hateful,Hateful,Hateful,Hateful
183,"""[USER]: How bout them Cowboys!!!!"" Shutup pussy",Hateful,Hateful,Non-hateful,Hateful,Hateful,Hateful,Hateful,Non-hateful,Non-hateful,Non-hateful,Non-hateful,Hateful,Non-hateful,Non-hateful,Non-hateful,Non-hateful,Hateful,Non-hateful,Hateful,Hateful
171,U coons can't wait to wear them Oreo J's,Hateful,Non-hateful,Hateful,Hateful,Hateful,Hateful,Non-hateful,Hateful,Hateful,Hateful,Hateful,Non-hateful,Hateful,Hateful,Hateful,Hateful,Hateful,Hateful,Non-hateful,Hateful
147,[USER] tranny,Hateful,Hateful,Hateful,Hateful,Non-hateful,Hateful,Hateful,Hateful,Non-hateful,Hateful,Hateful,Non-hateful,Hateful,Hateful,Non-hateful,Hateful,Non-hateful,Hateful,Hateful,Hateful
61,[USER] shut up you stupid bitch,Hateful,Hateful,Hateful,Hateful,Non-hateful,Hateful,Hateful,Hateful,Hateful,Hateful,Hateful,Hateful,Hateful,Hateful,Hateful,Hateful,Hateful,Hateful,Hateful,Hateful
104,[USER] He looks like a fag and his time line is boring Zzzzzz,Hateful,Hateful,Hateful,Hateful,Hateful,Hateful,Hateful,Hateful,Non-hateful,Hateful,Hateful,Hateful,Hateful,Hateful,Non-hateful,Hateful,Hateful,Hateful,Hateful,Hateful
37,‚Äú[USER]: Lol good now I got them nasty rednecks off my back I can take care of business‚Äù [USER] [USER] he serious,Hateful,Non-hateful,Hateful,Hateful,Non-hateful,Non-hateful,Non-hateful,Non-hateful,Non-hateful,Non-hateful,Non-hateful,Hateful,Non-hateful,Hateful,Non-hateful,Hateful,Hateful,Hateful,Hateful,Hateful
32,"People who go to church in Hollywood, CA are all white trash filth.",Hateful,Hateful,Hateful,Hateful,Non-hateful,Hateful,Hateful,Hateful,Non-hateful,Hateful,Non-hateful,Hateful,Hateful,Hateful,Hateful,Hateful,Hateful,Hateful,Hateful,Hateful
141,Kim Kardashian look like a tranny with all that surgery,Hateful,Hateful,Hateful,Hateful,Hateful,Hateful,Hateful,Hateful,Non-hateful,Hateful,Non-hateful,Hateful,Hateful,Non-hateful,Hateful,Hateful,Hateful,Hateful,Hateful,Hateful
194,someones clearly a stinky ass beaner...,Hateful,Hateful,Hateful,Hateful,Non-hateful,Hateful,Non-hateful,Hateful,Hateful,Hateful,Hateful,Hateful,Hateful,Hateful,Non-hateful,Non-hateful,Hateful,Hateful,Non-hateful,Hateful
144,Why does [USER] like Serena Williams? She looks like a tranny,Hateful,Hateful,Hateful,Hateful,Hateful,Hateful,Hateful,Hateful,Non-hateful,Hateful,Non-hateful,Hateful,Hateful,Non-hateful,Hateful,Hateful,Hateful,Hateful,Hateful,Hateful
137,[USER] ur brother looks so queer and ugly,Hateful,Hateful,Hateful,Hateful,Non-hateful,Hateful,Hateful,Hateful,Non-hateful,Hateful,Hateful,Hateful,Hateful,Hateful,Hateful,Hateful,Hateful,Hateful,Hateful,Hateful
73,[USER] someone sent this to me months ago bitch,Hateful,Hateful,Non-hateful,Non-hateful,Non-hateful,Hateful,Hateful,Non-hateful,Hateful,Non-hateful,Non-hateful,Hateful,Non-hateful,Non-hateful,Non-hateful,Non-hateful,Hateful,Non-hateful,Hateful,Hateful
126,[USER]: I hate these Mo'ne Davis commercials. Bitch is gonna end up either a dyke or a loser like every other female.,Hateful,Hateful,Hateful,Hateful,Hateful,Hateful,Non-hateful,Hateful,Hateful,Hateful,Hateful,Hateful,Hateful,Hateful,Hateful,Hateful,Hateful,Hateful,Hateful,Hateful
84,#NationalCatDay ...sure. Celebrate over 1 BILLION bird deaths and blame it on #climatechange you fuckin' #commies.,Hateful,Hateful,Hateful,Non-hateful,Non-hateful,Non-hateful,Hateful,Non-hateful,Non-hateful,Non-hateful,Non-hateful,Hateful,Hateful,Non-hateful,Non-hateful,Hateful,Hateful,Non-hateful,Hateful,Hateful
11,This niggah know wassup,Non-hateful,Non-hateful,Non-hateful,Non-hateful,Hateful,Hateful,Hateful,Non-hateful,Non-hateful,Non-hateful,Non-hateful,Non-hateful,Non-hateful,Non-hateful,Non-hateful,Non-hateful,Hateful,Non-hateful,Non-hateful,Hateful
174,All the coons use the same effect on their pictures,Hateful,Non-hateful,Hateful,Hateful,Non-hateful,Hateful,Non-hateful,Hateful,Hateful,Hateful,Hateful,Non-hateful,Hateful,Hateful,Hateful,Hateful,Hateful,Hateful,Non-hateful,Non-hateful
198,slut. specky. albino lesbo. wannabe player. dwarf. #coolcunts #absoluteyvile,Hateful,Hateful,Hateful,Hateful,Non-hateful,Hateful,Hateful,Hateful,Hateful,Hateful,Hateful,Hateful,Hateful,Hateful,Hateful,Hateful,Hateful,Hateful,Hateful,Hateful
48,[USER] [USER]  It's a nice way of callin y'all honkies,Hateful,Non-hateful,Hateful,Hateful,Hateful,Hateful,Non-hateful,Hateful,Non-hateful,Hateful,Non-hateful,Hateful,Non-hateful,Non-hateful,Non-hateful,Non-hateful,Hateful,Non-hateful,Non-hateful,Hateful
200,[USER] [USER] [USER] the kikes want to charge you üíØ dollaz for the complete version [URL],Hateful,Non-hateful,Hateful,Hateful,Non-hateful,Hateful,Non-hateful,Non-hateful,Non-hateful,Hateful,Hateful,Non-hateful,Non-hateful,Hateful,Non-hateful,Non-hateful,Hateful,Hateful,Hateful,Non-hateful
157,[USER] that was back when nigger music was decent,Hateful,Non-hateful,Hateful,Hateful,Non-hateful,Hateful,Non-hateful,Hateful,Non-hateful,Hateful,Non-hateful,Non-hateful,Non-hateful,Non-hateful,Hateful,Non-hateful,Hateful,Hateful,Non-hateful,Hateful
25,[USER]: This nigguh Chris Paul,Hateful,Non-hateful,Non-hateful,Non-hateful,Hateful,Hateful,Non-hateful,Non-hateful,Non-hateful,Hateful,Non-hateful,Non-hateful,Non-hateful,Non-hateful,Non-hateful,Non-hateful,Hateful,Non-hateful,Non-hateful,Hateful
24,Happy bday [USER] I love you my nigguh #livingLegend,Non-hateful,Non-hateful,Non-hateful,Non-hateful,Non-hateful,Non-hateful,Non-hateful,Non-hateful,Non-hateful,Non-hateful,Non-hateful,Non-hateful,Non-hateful,Non-hateful,Non-hateful,Non-hateful,Hateful,Non-hateful,Non-hateful,Hateful
122,"Typically hateful, anti-Christian, mentally ill and ugly dyke trash pig couple Jennifer McCarthy and Melisa Erwin [URL]",Hateful,Hateful,Hateful,Hateful,Non-hateful,Hateful,Hateful,Hateful,Hateful,Hateful,Hateful,Hateful,Hateful,Hateful,Hateful,Hateful,Hateful,Hateful,Non-hateful,Hateful
39,"[USER] [USER] ""all of these rednecks and none of them can keep the fire lit"" üòÇüòÇ",Hateful,Non-hateful,Hateful,Hateful,Non-hateful,Non-hateful,Hateful,Non-hateful,Non-hateful,Hateful,Non-hateful,Hateful,Non-hateful,Non-hateful,Non-hateful,Hateful,Hateful,Non-hateful,Hateful,Hateful
85,People who grow their own vegetables are nothing but common peasant trash.,Hateful,Hateful,Hateful,Hateful,Hateful,Hateful,Hateful,Non-hateful,Non-hateful,Hateful,Non-hateful,Hateful,Hateful,Hateful,Hateful,Hateful,Hateful,Hateful,Non-hateful,Hateful
185,[USER] do it pussy,Hateful,Non-hateful,Hateful,Non-hateful,Non-hateful,Hateful,Hateful,Hateful,Hateful,Hateful,Non-hateful,Hateful,Hateful,Non-hateful,Non-hateful,Hateful,Hateful,Non-hateful,Non-hateful,Hateful
18,"I mean most ppl confuse when to use ""to"" and ""too"", this nicca used the word ""two"" when he should've used ""to"" üòí",Hateful,Non-hateful,Non-hateful,Non-hateful,Hateful,Hateful,Hateful,Non-hateful,Non-hateful,Non-hateful,Non-hateful,Non-hateful,Non-hateful,Non-hateful,Non-hateful,Hateful,Hateful,Non-hateful,Non-hateful,Hateful
68,[USER] I'll bitch slap you to the shadow realm!,Hateful,Hateful,Non-hateful,Non-hateful,Non-hateful,Non-hateful,Hateful,Hateful,Non-hateful,Hateful,Non-hateful,Hateful,Hateful,Hateful,Hateful,Non-hateful,Hateful,Non-hateful,Hateful,Hateful
127,[USER] yours a dykeüòÇ,Hateful,Non-hateful,Non-hateful,Hateful,Hateful,Hateful,Hateful,Hateful,Non-hateful,Hateful,Hateful,Non-hateful,Hateful,Hateful,Non-hateful,Hateful,Hateful,Hateful,Hateful,Hateful
123,y'all remember that tall ass dyke named Jay??? Lmfaooo,Hateful,Hateful,Hateful,Hateful,Non-hateful,Hateful,Hateful,Hateful,Non-hateful,Hateful,Hateful,Hateful,Non-hateful,Hateful,Non-hateful,Hateful,Hateful,Hateful,Hateful,Hateful
153,[USER] nigger*,Hateful,Non-hateful,Hateful,Hateful,Non-hateful,Hateful,Hateful,Hateful,Non-hateful,Hateful,Hateful,Non-hateful,Non-hateful,Non-hateful,Hateful,Hateful,Hateful,Hateful,Hateful,Hateful
164,Every spic cop in #LosAngeles has raped or has thought about raping a white woman. That's why those half-breeds get jobs as pigs.,Hateful,Hateful,Hateful,Hateful,Non-hateful,Hateful,Hateful,Hateful,Hateful,Hateful,Hateful,Hateful,Hateful,Hateful,Hateful,Hateful,Hateful,Hateful,Hateful,Hateful
62,go get left in a hot car and die bitch,Hateful,Hateful,Hateful,Hateful,Hateful,Hateful,Hateful,Hateful,Hateful,Hateful,Non-hateful,Hateful,Hateful,Hateful,Hateful,Hateful,Hateful,Hateful,Hateful,Hateful
78,[USER] üö®üö®üö®üö®bad bitch w dreads alert,Hateful,Non-hateful,Non-hateful,Non-hateful,Hateful,Non-hateful,Non-hateful,Non-hateful,Non-hateful,Non-hateful,Non-hateful,Hateful,Non-hateful,Hateful,Non-hateful,Non-hateful,Hateful,Non-hateful,Hateful,Hateful
31,Southwest airlines is like driving in a mini van with your white trash cousins who love to huff paint thinner before before working.,Hateful,Non-hateful,Hateful,Non-hateful,Non-hateful,Non-hateful,Non-hateful,Hateful,Non-hateful,Hateful,Non-hateful,Hateful,Hateful,Hateful,Non-hateful,Hateful,Hateful,Non-hateful,Hateful,Hateful
116,There are some retarded ass movies on Netflix,Hateful,Non-hateful,Non-hateful,Non-hateful,Non-hateful,Non-hateful,Hateful,Non-hateful,Non-hateful,Hateful,Non-hateful,Hateful,Non-hateful,Non-hateful,Non-hateful,Non-hateful,Hateful,Non-hateful,Non-hateful,Hateful
3,[USER] [USER] nigga stop being a bitch and come to the high school You already said yes,Hateful,Non-hateful,Hateful,Non-hateful,Non-hateful,Hateful,Hateful,Non-hateful,Non-hateful,Non-hateful,Non-hateful,Hateful,Non-hateful,Non-hateful,Non-hateful,Non-hateful,Hateful,Non-hateful,Non-hateful,Hateful
176,Fuuuuuck you you stupid fucking cunt,Hateful,Hateful,Hateful,Hateful,Non-hateful,Hateful,Hateful,Hateful,Hateful,Hateful,Non-hateful,Hateful,Hateful,Hateful,Hateful,Hateful,Hateful,Hateful,Hateful,Hateful
110,[USER] yeah and you're gonna play with retards who wanna do drugs all day but üê∏‚òïÔ∏è,Hateful,Hateful,Hateful,Hateful,Hateful,Hateful,Hateful,Non-hateful,Non-hateful,Hateful,Non-hateful,Hateful,Hateful,Hateful,Non-hateful,Non-hateful,Hateful,Hateful,Hateful,Hateful
129,[USER]: [USER] [USER] aye stfu you dyke lookin bitch I'm pretty sure you have a bigger dick than your boyfriend,Hateful,Hateful,Hateful,Hateful,Hateful,Hateful,Hateful,Hateful,Hateful,Hateful,Hateful,Hateful,Hateful,Hateful,Hateful,Hateful,Hateful,Hateful,Hateful,Hateful
82,[USER] [USER] [USER] But...country music listeners really are hicks and alcoholics üòÇüòÇ,Hateful,Hateful,Hateful,Non-hateful,Non-hateful,Hateful,Hateful,Hateful,Non-hateful,Non-hateful,Non-hateful,Hateful,Non-hateful,Non-hateful,Hateful,Hateful,Hateful,Hateful,Hateful,Hateful
28,America is white trash and so are all Americans.,Hateful,Hateful,Hateful,Hateful,Non-hateful,Hateful,Hateful,Hateful,Non-hateful,Hateful,Non-hateful,Hateful,Hateful,Hateful,Hateful,Hateful,Hateful,Hateful,Hateful,Hateful
117,I have no respect for people who cheat that shits just retarded,Hateful,Non-hateful,Non-hateful,Non-hateful,Hateful,Non-hateful,Non-hateful,Non-hateful,Non-hateful,Hateful,Non-hateful,Non-hateful,Non-hateful,Non-hateful,Non-hateful,Non-hateful,Hateful,Non-hateful,Hateful,Hateful
74,[USER] stop being bitchy bitch,Hateful,Non-hateful,Hateful,Hateful,Non-hateful,Hateful,Hateful,Non-hateful,Non-hateful,Hateful,Non-hateful,Hateful,Non-hateful,Non-hateful,Non-hateful,Non-hateful,Hateful,Non-hateful,Hateful,Hateful
100,I love all people for who they are but there's this one fag that goes to my school that can catch a ninja star to the face ASAP,Hateful,Hateful,Hateful,Hateful,Non-hateful,Hateful,Non-hateful,Hateful,Hateful,Hateful,Hateful,Non-hateful,Hateful,Hateful,Hateful,Hateful,Hateful,Hateful,Hateful,Hateful
178,[USER]: What's it like being a cold hearted cunt?,Hateful,Hateful,Non-hateful,Hateful,Hateful,Hateful,Non-hateful,Hateful,Non-hateful,Non-hateful,Non-hateful,Hateful,Hateful,Hateful,Non-hateful,Hateful,Hateful,Non-hateful,Non-hateful,Hateful
72,"[USER]: ""Stop being such a bitch"" Me: [URL]",Hateful,Non-hateful,Hateful,Hateful,Non-hateful,Non-hateful,Hateful,Hateful,Non-hateful,Non-hateful,Non-hateful,Hateful,Non-hateful,Non-hateful,Non-hateful,Non-hateful,Hateful,Non-hateful,Hateful,Hateful
192,"[USER] im American, don't give 2 shits about the beaners, ship them beaners back",Hateful,Non-hateful,Hateful,Hateful,Hateful,Hateful,Non-hateful,Hateful,Hateful,Hateful,Hateful,Hateful,Hateful,Hateful,Hateful,Hateful,Non-hateful,Hateful,Non-hateful,Hateful
12,Heartless ass niggah,Hateful,Hateful,Non-hateful,Non-hateful,Non-hateful,Hateful,Hateful,Hateful,Non-hateful,Hateful,Non-hateful,Hateful,Hateful,Non-hateful,Non-hateful,Non-hateful,Hateful,Non-hateful,Hateful,Hateful
109,[USER]: When your teacher puts you in a group with a bunch of retards [URL],Hateful,Hateful,Non-hateful,Hateful,Non-hateful,Hateful,Non-hateful,Hateful,Non-hateful,Hateful,Non-hateful,Hateful,Non-hateful,Hateful,Non-hateful,Non-hateful,Hateful,Hateful,Hateful,Hateful
13," If this ugly ass niggah can be with her , I can too . Tf she with Chuu Baka for anyways this niggah look like a... [URL]",Hateful,Hateful,Hateful,Hateful,Hateful,Hateful,Hateful,Hateful,Hateful,Hateful,Non-hateful,Hateful,Non-hateful,Non-hateful,Hateful,Hateful,Hateful,Hateful,Hateful,Hateful
4,Heard that bitch gtta thang for them boss niggas,Hateful,Hateful,Non-hateful,Non-hateful,Non-hateful,Hateful,Hateful,Non-hateful,Hateful,Hateful,Non-hateful,Hateful,Non-hateful,Non-hateful,Non-hateful,Non-hateful,Hateful,Non-hateful,Hateful,Hateful
188,[USER] y don't that bitch just shoot herself? so sick of all those whores!,Hateful,Hateful,Hateful,Hateful,Hateful,Hateful,Hateful,Hateful,Hateful,Hateful,Hateful,Hateful,Hateful,Hateful,Hateful,Hateful,Hateful,Hateful,Hateful,Hateful
108,jesus christ youre a fucking retard if you believe in Mercurian retrograde affecting your life,Hateful,Hateful,Hateful,Hateful,Non-hateful,Hateful,Non-hateful,Non-hateful,Non-hateful,Hateful,Non-hateful,Hateful,Hateful,Hateful,Hateful,Hateful,Hateful,Non-hateful,Hateful,Hateful
125,[USER]: Dyke bitches walk around proud with their pregnant girlfriend like they got her pregnant,Hateful,Non-hateful,Hateful,Hateful,Hateful,Hateful,Non-hateful,Hateful,Non-hateful,Hateful,Hateful,Hateful,Non-hateful,Hateful,Non-hateful,Hateful,Hateful,Hateful,Hateful,Hateful
92,"I'm going to sell my iPhone and both my Macs, I don't support faggots.",Hateful,Hateful,Hateful,Hateful,Hateful,Hateful,Hateful,Hateful,Hateful,Hateful,Hateful,Hateful,Hateful,Hateful,Hateful,Hateful,Hateful,Hateful,Hateful,Hateful
90,[USER] [USER] [USER] fuck outta here faggot that wouldn't even be a fair,Hateful,Hateful,Hateful,Hateful,Non-hateful,Hateful,Hateful,Hateful,Hateful,Hateful,Hateful,Hateful,Hateful,Hateful,Non-hateful,Hateful,Hateful,Hateful,Hateful,Hateful
89,[USER] I knew farquaad a faggot,Hateful,Hateful,Hateful,Hateful,Hateful,Hateful,Hateful,Hateful,Non-hateful,Hateful,Hateful,Hateful,Non-hateful,Hateful,Non-hateful,Hateful,Hateful,Hateful,Hateful,Hateful
51,[USER] lmfao go to bed whitey üíÅ,Hateful,Non-hateful,Hateful,Hateful,Non-hateful,Hateful,Non-hateful,Hateful,Non-hateful,Hateful,Non-hateful,Hateful,Non-hateful,Hateful,Non-hateful,Non-hateful,Hateful,Hateful,Non-hateful,Hateful
181,[USER]: This Sam guy is a fucking pussy.,Hateful,Hateful,Hateful,Hateful,Non-hateful,Non-hateful,Hateful,Hateful,Non-hateful,Hateful,Non-hateful,Hateful,Hateful,Hateful,Non-hateful,Hateful,Hateful,Non-hateful,Hateful,Hateful
161,"Got ya crackas, spics, chinks, and carpet riders but no niggas MLK ain't fight for nothing #GimmeABlackEmoji",Hateful,Non-hateful,Hateful,Hateful,Hateful,Hateful,Non-hateful,Hateful,Hateful,Hateful,Non-hateful,Non-hateful,Non-hateful,Hateful,Hateful,Non-hateful,Hateful,Hateful,Hateful,Hateful
1,"He ain't shit girl, üíØhe a bitch made nigga !",Hateful,Hateful,Non-hateful,Non-hateful,Non-hateful,Hateful,Hateful,Non-hateful,Non-hateful,Hateful,Non-hateful,Non-hateful,Hateful,Non-hateful,Non-hateful,Hateful,Hateful,Hateful,Hateful,Hateful
111,[USER] I honesty think the internet is just full of retards.,Hateful,Hateful,Hateful,Non-hateful,Non-hateful,Non-hateful,Non-hateful,Hateful,Non-hateful,Hateful,Non-hateful,Hateful,Non-hateful,Non-hateful,Non-hateful,Hateful,Hateful,Hateful,Non-hateful,Hateful
130,[USER] stfu u ugly dyke,Hateful,Hateful,Hateful,Hateful,Hateful,Hateful,Hateful,Hateful,Hateful,Hateful,Hateful,Hateful,Hateful,Hateful,Hateful,Hateful,Hateful,Hateful,Hateful,Hateful
56,[USER] no you ignorant cement headed hillbilly. You said taxing. Cant you fuckin read you fucking knob gobbling douchebag,Hateful,Hateful,Hateful,Hateful,Non-hateful,Hateful,Non-hateful,Hateful,Hateful,Hateful,Hateful,Hateful,Hateful,Hateful,Hateful,Hateful,Hateful,Hateful,Hateful,Hateful
134,fucking queer,Hateful,Hateful,Hateful,Hateful,Non-hateful,Hateful,Hateful,Hateful,Hateful,Hateful,Hateful,Hateful,Hateful,Hateful,Hateful,Hateful,Hateful,Hateful,Hateful,Hateful
163,"[USER] nahh , whatever you are spook or spic, I still don't like you . Good day",Hateful,Non-hateful,Hateful,Hateful,Hateful,Hateful,Non-hateful,Hateful,Hateful,Hateful,Hateful,Non-hateful,Non-hateful,Hateful,Non-hateful,Hateful,Hateful,Hateful,Non-hateful,Hateful
67,"For instance...Nikki said BET you won't fight her. I said bet? She said bet. Whipped a quick u-turn, whooped that ass, and went to jail üòÇ",Non-hateful,Non-hateful,Non-hateful,Non-hateful,Non-hateful,Non-hateful,Non-hateful,Non-hateful,Non-hateful,Non-hateful,Non-hateful,Hateful,Non-hateful,Non-hateful,Non-hateful,Non-hateful,Hateful,Non-hateful,Non-hateful,Hateful
95,LMFAOOOOOO GAY AS FUCK  [USER]: üò≠üò≠üò≠üò≠üò≠ get these two faggots off my TL [URL],Hateful,Hateful,Hateful,Hateful,Non-hateful,Hateful,Hateful,Hateful,Non-hateful,Hateful,Hateful,Hateful,Hateful,Hateful,Hateful,Hateful,Hateful,Hateful,Hateful,Hateful
169,[USER] those god damn chinks. [URL],Hateful,Non-hateful,Hateful,Hateful,Hateful,Hateful,Hateful,Hateful,Hateful,Hateful,Hateful,Hateful,Hateful,Hateful,Hateful,Hateful,Hateful,Hateful,Hateful,Hateful
46,üòÇ ‚Äú[USER]: Racist all month .. Fuck u honkey‚Äù,Hateful,Hateful,Hateful,Hateful,Non-hateful,Hateful,Hateful,Hateful,Non-hateful,Hateful,Non-hateful,Hateful,Hateful,Hateful,Non-hateful,Hateful,Hateful,Hateful,Hateful,Hateful
142,Lmaooo  [USER] She a tranny if she can open a jar of pickles by herself,Hateful,Non-hateful,Hateful,Hateful,Non-hateful,Hateful,Hateful,Hateful,Non-hateful,Hateful,Hateful,Hateful,Hateful,Hateful,Non-hateful,Hateful,Hateful,Hateful,Hateful,Hateful
54,‚Äú[USER]: Trenton Gossman is the sexiest hillbilly I have ever seen‚Äù üíÅüòÇüòÇüòÇ,Hateful,Non-hateful,Hateful,Non-hateful,Non-hateful,Non-hateful,Hateful,Non-hateful,Non-hateful,Non-hateful,Non-hateful,Hateful,Non-hateful,Non-hateful,Non-hateful,Non-hateful,Hateful,Non-hateful,Non-hateful,Hateful
9,Told my dad to go buy cookies for the graduation reception...this nigga bought Oreos.,Hateful,Non-hateful,Non-hateful,Non-hateful,Hateful,Non-hateful,Non-hateful,Non-hateful,Non-hateful,Non-hateful,Non-hateful,Non-hateful,Non-hateful,Non-hateful,Non-hateful,Non-hateful,Hateful,Non-hateful,Non-hateful,Hateful
119,People get more and more retarded everyday,Hateful,Hateful,Non-hateful,Non-hateful,Non-hateful,Non-hateful,Non-hateful,Hateful,Non-hateful,Hateful,Non-hateful,Hateful,Non-hateful,Non-hateful,Non-hateful,Hateful,Hateful,Non-hateful,Non-hateful,Hateful
143,[USER] omfg or the other pics of the tranny lmao,Hateful,Non-hateful,Hateful,Hateful,Non-hateful,Hateful,Hateful,Hateful,Non-hateful,Hateful,Hateful,Hateful,Hateful,Hateful,Non-hateful,Hateful,Hateful,Hateful,Hateful,Hateful
26,#California is full of white trash who moved from #Oklahoma,Hateful,Hateful,Hateful,Hateful,Hateful,Hateful,Non-hateful,Hateful,Non-hateful,Non-hateful,Non-hateful,Hateful,Hateful,Hateful,Hateful,Hateful,Hateful,Hateful,Hateful,Hateful
120,"[USER] congratulations, you are officially fucking retarded.",Hateful,Hateful,Hateful,Hateful,Non-hateful,Non-hateful,Hateful,Hateful,Non-hateful,Hateful,Non-hateful,Hateful,Hateful,Hateful,Hateful,Hateful,Hateful,Non-hateful,Hateful,Hateful
152,I ain't been to the fair since I was like 8 and I haven't wanted to go since then either for some reason. Too many niggers for me,Hateful,Non-hateful,Hateful,Hateful,Non-hateful,Hateful,Non-hateful,Hateful,Hateful,Hateful,Hateful,Hateful,Non-hateful,Hateful,Hateful,Hateful,Hateful,Hateful,Hateful,Hateful
170,[USER] [USER] humans are evil man. Cutting tusks of these beautiful animals so chinks think the get a hard on.,Hateful,Non-hateful,Hateful,Hateful,Hateful,Hateful,Non-hateful,Non-hateful,Non-hateful,Hateful,Hateful,Hateful,Hateful,Hateful,Non-hateful,Hateful,Hateful,Hateful,Hateful,Hateful
184,Ha bill bellicheck wouldnt give an interview what a pussy!!!! Hey bill karmas a bitch!!!!!!!!,Hateful,Hateful,Hateful,Hateful,Non-hateful,Hateful,Hateful,Hateful,Non-hateful,Non-hateful,Non-hateful,Hateful,Hateful,Hateful,Non-hateful,Hateful,Hateful,Hateful,Hateful,Hateful
27,Those guys are the definition of white trash,Hateful,Hateful,Hateful,Hateful,Hateful,Hateful,Hateful,Hateful,Non-hateful,Hateful,Non-hateful,Hateful,Hateful,Hateful,Non-hateful,Hateful,Hateful,Hateful,Hateful,Hateful
133,Everyone that says #LetsMakeItAwkward is a queer. #JustMadeItAwkward,Hateful,Non-hateful,Hateful,Hateful,Non-hateful,Hateful,Hateful,Hateful,Non-hateful,Hateful,Non-hateful,Hateful,Hateful,Non-hateful,Non-hateful,Non-hateful,Hateful,Hateful,Hateful,Hateful
160,[USER] but I live in the South. Lot more here. My pop lives in Rhode Island. Hardly no niggers there.,Hateful,Non-hateful,Hateful,Hateful,Hateful,Hateful,Hateful,Hateful,Non-hateful,Hateful,Hateful,Hateful,Non-hateful,Hateful,Non-hateful,Hateful,Hateful,Non-hateful,Hateful,Hateful
22,"Maybe I'm the one, maybe I'm the two, maybe I'm the nigguh that you call when you're through.",Non-hateful,Non-hateful,Non-hateful,Non-hateful,Non-hateful,Non-hateful,Non-hateful,Non-hateful,Non-hateful,Non-hateful,Non-hateful,Non-hateful,Non-hateful,Non-hateful,Non-hateful,Non-hateful,Hateful,Non-hateful,Hateful,Hateful
151,Watch out nigger lovers. You day is coming. [URL],Hateful,Hateful,Hateful,Hateful,Hateful,Hateful,Non-hateful,Hateful,Hateful,Hateful,Hateful,Hateful,Hateful,Hateful,Hateful,Hateful,Hateful,Hateful,Hateful,Hateful
44,[USER] [USER] you have a redneck attitude. The same people that think Benghazzi is real think Fox fake nws is real. Your one,Hateful,Non-hateful,Hateful,Non-hateful,Non-hateful,Non-hateful,Hateful,Hateful,Non-hateful,Non-hateful,Non-hateful,Hateful,Hateful,Non-hateful,Non-hateful,Hateful,Hateful,Non-hateful,Hateful,Hateful
180,"[USER]: No mom. Im not ""dramatic /immature"" i just have fucking mental problems and youre a bitch and a cunt.",Hateful,Hateful,Hateful,Non-hateful,Hateful,Hateful,Hateful,Hateful,Non-hateful,Hateful,Non-hateful,Hateful,Hateful,Hateful,Hateful,Hateful,Hateful,Hateful,Non-hateful,Hateful
75,#That son of a bitch moment when you turn the radio on and your favorite song is on but its the end of the song,Non-hateful,Non-hateful,Non-hateful,Non-hateful,Non-hateful,Non-hateful,Non-hateful,Non-hateful,Non-hateful,Non-hateful,Non-hateful,Hateful,Non-hateful,Non-hateful,Non-hateful,Non-hateful,Hateful,Non-hateful,Non-hateful,Hateful
177,What a sniveling little cunt. I would be embarrassed for him but I cant stand the guy. [USER] [USER],Hateful,Hateful,Hateful,Non-hateful,Hateful,Hateful,Non-hateful,Hateful,Non-hateful,Non-hateful,Non-hateful,Hateful,Hateful,Hateful,Non-hateful,Hateful,Hateful,Hateful,Hateful,Hateful
86,[USER] wat a faggot,Hateful,Hateful,Hateful,Hateful,Non-hateful,Hateful,Hateful,Hateful,Hateful,Hateful,Hateful,Hateful,Hateful,Hateful,Hateful,Hateful,Hateful,Hateful,Hateful,Hateful
118,You are beyond retarded,Hateful,Hateful,Hateful,Non-hateful,Hateful,Hateful,Non-hateful,Hateful,Non-hateful,Hateful,Non-hateful,Hateful,Hateful,Hateful,Hateful,Hateful,Hateful,Hateful,Hateful,Hateful
77,[USER] bitch i dont even look like that keep talking and we going to fight,Hateful,Non-hateful,Non-hateful,Non-hateful,Hateful,Non-hateful,Non-hateful,Non-hateful,Non-hateful,Non-hateful,Non-hateful,Hateful,Hateful,Hateful,Non-hateful,Non-hateful,Non-hateful,Non-hateful,Hateful,Hateful
175,Good morning coons.,Hateful,Non-hateful,Hateful,Hateful,Hateful,Hateful,Non-hateful,Hateful,Hateful,Hateful,Hateful,Hateful,Non-hateful,Hateful,Hateful,Hateful,Non-hateful,Hateful,Non-hateful,Non-hateful
91,[USER]: Happy birthday freshman faggots [USER] [USER],Hateful,Non-hateful,Hateful,Hateful,Hateful,Hateful,Hateful,Hateful,Hateful,Hateful,Non-hateful,Hateful,Non-hateful,Hateful,Non-hateful,Hateful,Hateful,Hateful,Non-hateful,Non-hateful
199,"[USER] These Marxist kikes promoted Anti-Semitism by creating this film, what was their incentive? They just promote their enemies.",Hateful,Non-hateful,Non-hateful,Hateful,Non-hateful,Hateful,Non-hateful,Non-hateful,Non-hateful,Hateful,Hateful,Hateful,Hateful,Hateful,Non-hateful,Non-hateful,Hateful,Hateful,Hateful,Hateful
45,"Gotta love rednecks. Loud, stupid, stubborn, and full o schitt.",Hateful,Hateful,Hateful,Non-hateful,Non-hateful,Hateful,Hateful,Hateful,Non-hateful,Hateful,Non-hateful,Hateful,Hateful,Hateful,Hateful,Hateful,Hateful,Hateful,Hateful,Hateful
179,[USER] You are an ignorant cunt.,Hateful,Hateful,Hateful,Non-hateful,Hateful,Hateful,Non-hateful,Hateful,Non-hateful,Hateful,Non-hateful,Hateful,Hateful,Hateful,Hateful,Hateful,Hateful,Hateful,Hateful,Hateful
52,"""poor whitey"" [URL]",Hateful,Hateful,Hateful,Hateful,Non-hateful,Hateful,Hateful,Hateful,Non-hateful,Non-hateful,Non-hateful,Hateful,Non-hateful,Hateful,Non-hateful,Non-hateful,Hateful,Hateful,Non-hateful,Hateful
16,Nah nicca.. you GOT GAS! üòùüòÇüòÇüòÇ [USER]: [USER] üòÇüòÇüòÇ blowing gas üò§,Hateful,Non-hateful,Non-hateful,Non-hateful,Hateful,Hateful,Non-hateful,Non-hateful,Non-hateful,Non-hateful,Non-hateful,Hateful,Non-hateful,Non-hateful,Non-hateful,Non-hateful,Hateful,Non-hateful,Non-hateful,Hateful
14,[USER]: [USER] man some lame niggah when I find him I'm unfollowing TF out his ass!,Hateful,Non-hateful,Non-hateful,Non-hateful,Non-hateful,Hateful,Non-hateful,Non-hateful,Non-hateful,Non-hateful,Non-hateful,Hateful,Non-hateful,Hateful,Non-hateful,Hateful,Hateful,Non-hateful,Hateful,Hateful
148,[USER]: Hank Baskett cheated with a tranny and just got a shoutout!,Hateful,Non-hateful,Hateful,Hateful,Non-hateful,Hateful,Non-hateful,Hateful,Non-hateful,Hateful,Non-hateful,Hateful,Hateful,Hateful,Non-hateful,Hateful,Hateful,Hateful,Hateful,Hateful